n,player2starts?,difficulty,AI_avg,d4,False,hard,2.5811355
4,False,Jarvis,2.7297906666666667
4,False,hard,1.001117857142857
4,False,Jarvis,1.0852515714285715
4,False,hard,1.845568625
4,False,Jarvis,2.0260333749999995
4,False,hard,1.8258637499999995
4,False,hard,6.668728749999998
4,False,hard,29.623169
4,False,hard,1.3983743333333336
4,False,hard,1.1010695
4,False,Jarvis,0.9251044285714288
4,False,Jarvis,2.028279000000001
