n,player2starts?,difficulty,AI_avg,d4,False,hard,2.5811355
4,False,Jarvis,2.7297906666666667
4,False,hard,1.001117857142857
4,False,Jarvis,1.0852515714285715
4,False,hard,1.845568625
4,False,Jarvis,2.0260333749999995
